,database,hpso,nsga2,pls,random,spea2,order,database_name
0,mdt_project_11,0.36363636363636365,0.6363636363636364,0,0,0,1,mdt_project_11
1,mdt_project_19,0.6666666666666666,0.3333333333333333,0,0,0,2,mdt_project_19
2,mdt_project_101,0.7272727272727273,0.2727272727272727,0,0,0,3,mdt_project_101
3,bibsonomy_nature,0.3888888888888889,0.6111111111111112,0,0,0,4,bibsonomy_nature
4,bibsonomy_science,0,1.0,0,0,0,5,bibsonomy_science
5,bibsonomy_physica,0.1875,0.8125,0,0,0,6,bibsonomy_physica
6,ghtorrent_python,0.5714285714285714,0.42857142857142855,0,0,0,7,ghtorrent_python
7,ghtorrent_java,0.8571428571428571,0.14285714285714285,0,0,0,8,ghtorrent_java
8,ghtorrent_ruby,0.375,0.625,0,0,0,9,ghtorrent_ruby
9,mdt_project_92,0.6666666666666666,0.3333333333333333,0,0,0,10,mdt_project_92
