,database,hpso,nsga2,pls,random,spea2,order,database_name
0,mdt_project_11,0.6666666666666666,0.3333333333333333,0,0,0,1,mdt_project_11
1,mdt_project_19,0.8571428571428571,0.14285714285714285,0,0,0,2,mdt_project_19
2,mdt_project_101,0.09090909090909091,0.9090909090909091,0,0,0,3,mdt_project_101
3,bibsonomy_nature,0.2857142857142857,0.7142857142857143,0,0,0,4,bibsonomy_nature
4,bibsonomy_science,0,1.0,0,0,0,5,bibsonomy_science
5,bibsonomy_physica,0.4444444444444444,0.3333333333333333,0.2222222222222222,0,0,6,bibsonomy_physica
6,ghtorrent_python,0.3,0.7,0,0,0,7,ghtorrent_python
7,ghtorrent_java,0.3333333333333333,0.6666666666666666,0,0,0,8,ghtorrent_java
8,ghtorrent_ruby,0.21428571428571427,0.7857142857142857,0,0,0,9,ghtorrent_ruby
9,mdt_project_92,0.7777777777777778,0.2222222222222222,0,0,0,10,mdt_project_92
