,source,target
0,022e0fbfcf,6a8d04e6f7
1,022e0fbfcf,b339d29c10
2,022e0fbfcf,616011efda
3,ec73384c37,fc55d1e1b7
4,e59a0cadcb,fc55d1e1b7
5,e59a0cadcb,06cdae50da
6,e59a0cadcb,7be45513d8
7,e59a0cadcb,079776d325
8,8174cfcd9a,097c35fd69
9,8174cfcd9a,fc55d1e1b7
10,8174cfcd9a,c1b606b8a8
11,2c67e792d4,921f90ac7d
12,2c67e792d4,fc55d1e1b7
13,0ceae23367,c13cdd340c
14,a6b03a1736,d58d2f4943
15,a6b03a1736,f3699650c2
16,a6b03a1736,96fef7c3b3
17,91aa207bac,0550b6fa5a
18,4c815ef549,315c96a9f4
19,4c815ef549,441c25e283
20,c1b606b8a8,20940945a5
21,d58d2f4943,315c96a9f4
22,d58d2f4943,4785f01d34
23,d58d2f4943,f3699650c2
24,d58d2f4943,96fef7c3b3
25,0684edc8b9,89af2ec086
26,0684edc8b9,286467aff6
27,0684edc8b9,0550b6fa5a
28,6cee64d784,b1688ba5f8
29,6cee64d784,4cf0dc4c3f
30,6cee64d784,921f90ac7d
31,6cee64d784,a5e57d80de
32,6cee64d784,b8b928316e
33,6cee64d784,b5e64f1c3a
34,6cee64d784,608235d1aa
35,315c96a9f4,441c25e283
36,315c96a9f4,4785f01d34
37,f7316395fc,885ba1dc17
38,f7316395fc,70be6b4c6c
39,638e2fc309,9128e6daa8
40,638e2fc309,18278dff5f
41,638e2fc309,921f90ac7d
42,638e2fc309,3f795a961b
43,638e2fc309,f8b96dd9af
44,638e2fc309,89af2ec086
45,89af2ec086,286467aff6
46,89af2ec086,0550b6fa5a
47,89af2ec086,3f795a961b
48,89af2ec086,f8b96dd9af
49,079776d325,fc55d1e1b7
50,079776d325,06cdae50da
51,079776d325,7be45513d8
52,1ee132291e,17e76b0c4e
53,1ee132291e,96fef7c3b3
54,1a1a11bf0f,fc55d1e1b7
55,70be6b4c6c,885ba1dc17
56,42e091a5d8,b1688ba5f8
57,06cdae50da,fc55d1e1b7
58,06cdae50da,7be45513d8
59,fc55d1e1b7,921f90ac7d
60,fc55d1e1b7,1503756cd2
61,fc55d1e1b7,34631a67f9
62,fc55d1e1b7,e937dd06dd
63,fc55d1e1b7,4785f01d34
64,fc55d1e1b7,097c35fd69
65,fc55d1e1b7,dea08493a9
66,fc55d1e1b7,ed003e64a1
67,fc55d1e1b7,7be45513d8
68,a982fd16bc,96fef7c3b3
69,a982fd16bc,43aa800688
70,a982fd16bc,3e979a06a7
71,a982fd16bc,98677c17e4
72,a982fd16bc,c72013d6ec
73,e6e7b53dfc,d3eb0b338c
74,e6e7b53dfc,616011efda
75,e6e7b53dfc,39b753553a
76,140d391e1e,96fef7c3b3
77,140d391e1e,1ec59fd893
78,140d391e1e,3e05368940
79,140d391e1e,1e849a06d9
80,f3699650c2,96fef7c3b3
81,286467aff6,0550b6fa5a
82,d3eb0b338c,616011efda
83,d3eb0b338c,885ba1dc17
84,d3eb0b338c,4db75d4779
85,2a2517900b,3e979a06a7
86,2a2517900b,c72013d6ec
87,2a2517900b,43aa800688
88,98677c17e4,96fef7c3b3
89,98677c17e4,43aa800688
90,98677c17e4,3e979a06a7
91,98677c17e4,c72013d6ec
92,3e979a06a7,c72013d6ec
93,3e979a06a7,43aa800688
94,3e979a06a7,96fef7c3b3
95,b339d29c10,6a8d04e6f7
96,b339d29c10,616011efda
97,1e849a06d9,96fef7c3b3
98,1e849a06d9,1ec59fd893
99,1e849a06d9,3e05368940
100,d6abd7bbe2,616011efda
101,d6abd7bbe2,e4580b220a
102,4b453af78e,885ba1dc17
103,4b453af78e,7e38514cf2
104,4b453af78e,8772a93c2b
105,6a50f7d1e3,887aee0390
106,6a50f7d1e3,3f795a961b
107,6a50f7d1e3,85b5fd4bb0
108,6a50f7d1e3,39b753553a
109,6a50f7d1e3,96f59dfb55
110,dea08493a9,e937dd06dd
111,4cf0dc4c3f,b1688ba5f8
112,4cf0dc4c3f,921f90ac7d
113,4cf0dc4c3f,a5e57d80de
114,4cf0dc4c3f,b8b928316e
115,3f795a961b,85b5fd4bb0
116,3f795a961b,39b753553a
117,3f795a961b,f8b96dd9af
118,3f795a961b,96f59dfb55
119,34631a67f9,e937dd06dd
120,34631a67f9,4785f01d34
121,c13cdd340c,1cd0ca624d
122,616011efda,39b753553a
123,616011efda,6a8d04e6f7
124,616011efda,e4580b220a
125,e937dd06dd,4785f01d34
126,1503756cd2,921f90ac7d
127,ee0aa02d0c,297b645610
128,ee0aa02d0c,0550b6fa5a
129,1cd0ca624d,1dd7a72ed2
130,1cd0ca624d,39b753553a
131,1cd0ca624d,ee893112fa
132,1cd0ca624d,6eacdb2658
133,1ec59fd893,96fef7c3b3
134,1ec59fd893,3e05368940
135,3e05368940,96fef7c3b3
136,85b5fd4bb0,39b753553a
137,885ba1dc17,4db75d4779
138,885ba1dc17,7e38514cf2
139,885ba1dc17,8772a93c2b
140,deb814ef36,96fef7c3b3
141,297b645610,0550b6fa5a
142,297b645610,ff66891211
143,43aa800688,c72013d6ec
144,43aa800688,96fef7c3b3
145,7e38514cf2,8772a93c2b
146,ff66891211,0550b6fa5a
147,6eacdb2658,ee893112fa
148,608235d1aa,b1688ba5f8
149,b1688ba5f8,921f90ac7d
150,b1688ba5f8,a5e57d80de
151,b1688ba5f8,b8b928316e
152,b1688ba5f8,b5e64f1c3a
153,17e76b0c4e,96fef7c3b3
154,a5e57d80de,921f90ac7d
155,a5e57d80de,b8b928316e
156,96fef7c3b3,c72013d6ec
157,b8b928316e,921f90ac7d
158,921f90ac7d,18278dff5f
159,39b753553a,1dd7a72ed2
