,source,target,weight
0,8423debd7d,9134ad57f0,41
1,8423debd7d,9ed710b993,41
2,8423debd7d,5a4366e1db,41
3,8423debd7d,9d3443bf73,41
4,8423debd7d,dbc32e0c26,41
5,8423debd7d,5beb2bbbd4,41
6,8423debd7d,d8e5394b9d,35
7,8423debd7d,de5e4eb7da,35
8,8423debd7d,68b4527735,34
9,8423debd7d,c0e1dc7a62,34
10,8423debd7d,669ddde825,34
11,8423debd7d,4b15ebc16a,33
12,8423debd7d,75ad00da3e,26
13,8423debd7d,8590ac0625,19
14,8423debd7d,9040808bfa,19
15,8423debd7d,e2fcab13de,19
16,8423debd7d,7bd01ec833,19
17,8423debd7d,7bfb9a5b53,19
18,8423debd7d,75992a5ac6,19
19,e2fcab13de,8590ac0625,20
20,e2fcab13de,7bfb9a5b53,20
21,e2fcab13de,7bd01ec833,19
22,e2fcab13de,5a4366e1db,19
23,e2fcab13de,de5e4eb7da,19
24,e2fcab13de,669ddde825,19
25,e2fcab13de,dbc32e0c26,19
26,e2fcab13de,9d3443bf73,19
27,e2fcab13de,c0e1dc7a62,19
28,e2fcab13de,9134ad57f0,19
29,e2fcab13de,9040808bfa,19
30,e2fcab13de,9ed710b993,19
31,e2fcab13de,5beb2bbbd4,19
32,e2fcab13de,75ad00da3e,19
33,e2fcab13de,68b4527735,19
34,e2fcab13de,4b15ebc16a,19
35,e2fcab13de,d8e5394b9d,19
36,e2fcab13de,75992a5ac6,19
37,8590ac0625,7bfb9a5b53,20
38,8590ac0625,7bd01ec833,19
39,8590ac0625,5a4366e1db,19
40,8590ac0625,75ad00da3e,19
41,8590ac0625,5beb2bbbd4,19
42,8590ac0625,669ddde825,19
43,8590ac0625,9134ad57f0,19
44,8590ac0625,9ed710b993,19
45,8590ac0625,c0e1dc7a62,19
46,8590ac0625,d8e5394b9d,19
47,8590ac0625,dbc32e0c26,19
48,8590ac0625,75992a5ac6,19
49,8590ac0625,de5e4eb7da,19
50,8590ac0625,4b15ebc16a,19
51,8590ac0625,9d3443bf73,19
52,8590ac0625,9040808bfa,19
53,8590ac0625,68b4527735,19
54,68b4527735,9ed710b993,34
55,68b4527735,9134ad57f0,34
56,68b4527735,9d3443bf73,34
57,68b4527735,dbc32e0c26,34
58,68b4527735,c0e1dc7a62,34
59,68b4527735,de5e4eb7da,34
60,68b4527735,5beb2bbbd4,34
61,68b4527735,5a4366e1db,34
62,68b4527735,669ddde825,34
63,68b4527735,4b15ebc16a,33
64,68b4527735,d8e5394b9d,28
65,68b4527735,75ad00da3e,26
66,68b4527735,75992a5ac6,19
67,68b4527735,9040808bfa,19
68,68b4527735,7bd01ec833,19
69,68b4527735,7bfb9a5b53,19
70,9ed710b993,5beb2bbbd4,41
71,9ed710b993,5a4366e1db,41
72,9ed710b993,dbc32e0c26,41
73,9ed710b993,9d3443bf73,41
74,9ed710b993,9134ad57f0,41
75,9ed710b993,de5e4eb7da,36
76,9ed710b993,4b15ebc16a,35
77,9ed710b993,d8e5394b9d,35
78,9ed710b993,669ddde825,34
79,9ed710b993,c0e1dc7a62,34
80,9ed710b993,75ad00da3e,27
81,9ed710b993,7bd01ec833,19
82,9ed710b993,9040808bfa,19
83,9ed710b993,7bfb9a5b53,19
84,9ed710b993,75992a5ac6,19
85,5beb2bbbd4,dbc32e0c26,41
86,5beb2bbbd4,9134ad57f0,41
87,5beb2bbbd4,9d3443bf73,41
88,5beb2bbbd4,5a4366e1db,41
89,5beb2bbbd4,de5e4eb7da,35
90,5beb2bbbd4,d8e5394b9d,35
91,5beb2bbbd4,669ddde825,34
92,5beb2bbbd4,c0e1dc7a62,34
93,5beb2bbbd4,4b15ebc16a,33
94,5beb2bbbd4,75ad00da3e,26
95,5beb2bbbd4,75992a5ac6,19
96,5beb2bbbd4,7bd01ec833,19
97,5beb2bbbd4,7bfb9a5b53,19
98,5beb2bbbd4,9040808bfa,19
99,9d3443bf73,5a4366e1db,41
100,9d3443bf73,dbc32e0c26,41
101,9d3443bf73,9134ad57f0,41
102,9d3443bf73,d8e5394b9d,35
103,9d3443bf73,de5e4eb7da,35
104,9d3443bf73,c0e1dc7a62,34
105,9d3443bf73,669ddde825,34
106,9d3443bf73,4b15ebc16a,33
107,9d3443bf73,75ad00da3e,26
108,9d3443bf73,7bd01ec833,19
109,9d3443bf73,9040808bfa,19
110,9d3443bf73,7bfb9a5b53,19
111,9d3443bf73,75992a5ac6,19
112,dbc32e0c26,5a4366e1db,41
113,dbc32e0c26,9134ad57f0,41
114,dbc32e0c26,de5e4eb7da,35
115,dbc32e0c26,d8e5394b9d,35
116,dbc32e0c26,c0e1dc7a62,34
117,dbc32e0c26,669ddde825,34
118,dbc32e0c26,4b15ebc16a,33
119,dbc32e0c26,75ad00da3e,26
120,dbc32e0c26,7bd01ec833,19
121,dbc32e0c26,9040808bfa,19
122,dbc32e0c26,7bfb9a5b53,19
123,dbc32e0c26,75992a5ac6,19
124,bb23fb3e16,75992a5ac6,5
125,bb23fb3e16,d0001edb0b,5
126,bb23fb3e16,7bd01ec833,3
127,de5e4eb7da,5a4366e1db,35
128,de5e4eb7da,9134ad57f0,35
129,de5e4eb7da,c0e1dc7a62,34
130,de5e4eb7da,669ddde825,34
131,de5e4eb7da,4b15ebc16a,33
132,de5e4eb7da,d8e5394b9d,29
133,de5e4eb7da,75ad00da3e,28
134,de5e4eb7da,7bd01ec833,19
135,de5e4eb7da,9040808bfa,19
136,de5e4eb7da,75992a5ac6,19
137,de5e4eb7da,7bfb9a5b53,19
138,7bd01ec833,75992a5ac6,22
139,7bd01ec833,7bfb9a5b53,19
140,7bd01ec833,9040808bfa,19
141,7bd01ec833,c0e1dc7a62,19
142,7bd01ec833,d8e5394b9d,19
143,7bd01ec833,9134ad57f0,19
144,7bd01ec833,75ad00da3e,19
145,7bd01ec833,669ddde825,19
146,7bd01ec833,5a4366e1db,19
147,7bd01ec833,4b15ebc16a,19
148,7bd01ec833,d0001edb0b,3
149,9040808bfa,7bfb9a5b53,19
150,9040808bfa,5a4366e1db,19
151,9040808bfa,d8e5394b9d,19
152,9040808bfa,c0e1dc7a62,19
153,9040808bfa,9134ad57f0,19
154,9040808bfa,75ad00da3e,19
155,9040808bfa,669ddde825,19
156,9040808bfa,75992a5ac6,19
157,9040808bfa,4b15ebc16a,19
158,d8e5394b9d,5a4366e1db,36
159,d8e5394b9d,9134ad57f0,35
160,d8e5394b9d,c0e1dc7a62,28
161,d8e5394b9d,669ddde825,28
162,d8e5394b9d,4b15ebc16a,27
163,d8e5394b9d,75ad00da3e,20
164,d8e5394b9d,75992a5ac6,19
165,d8e5394b9d,7bfb9a5b53,19
166,75ad00da3e,5a4366e1db,26
167,75ad00da3e,c0e1dc7a62,26
168,75ad00da3e,4b15ebc16a,26
169,75ad00da3e,669ddde825,26
170,75ad00da3e,9134ad57f0,26
171,75ad00da3e,7bfb9a5b53,19
172,75ad00da3e,75992a5ac6,19
173,d0001edb0b,75992a5ac6,5
174,4b15ebc16a,9134ad57f0,33
175,4b15ebc16a,c0e1dc7a62,33
176,4b15ebc16a,669ddde825,33
177,4b15ebc16a,5a4366e1db,33
178,4b15ebc16a,75992a5ac6,19
179,4b15ebc16a,7bfb9a5b53,19
180,9134ad57f0,5a4366e1db,41
181,9134ad57f0,c0e1dc7a62,34
182,9134ad57f0,669ddde825,34
183,9134ad57f0,7bfb9a5b53,19
184,9134ad57f0,75992a5ac6,19
185,5a4366e1db,c0e1dc7a62,34
186,5a4366e1db,669ddde825,34
187,5a4366e1db,7bfb9a5b53,19
188,5a4366e1db,75992a5ac6,19
189,c0e1dc7a62,669ddde825,34
190,c0e1dc7a62,7bfb9a5b53,19
191,c0e1dc7a62,75992a5ac6,19
192,7bfb9a5b53,669ddde825,19
193,7bfb9a5b53,75992a5ac6,19
194,669ddde825,75992a5ac6,19
