,project_id,type,source,target
56802,11,work,11.5cbac5d5,11.c9d06ae8
56803,11,work,11.5cbac5d5,11.a1e2243f
56804,11,work,11.41bff56d,11.0c775466
56805,11,work,11.0c775466,11.41bff56d
56806,11,work,11.c72b87c3,11.a1e2243f
56807,11,work,11.c72b87c3,11.3d9f4efb
56808,11,work,11.c72b87c3,11.ebc6ade6
56809,11,work,11.367d3516,11.ebc6ade6
56810,11,work,11.367d3516,11.5b56ed07
56811,11,work,11.fd21e6b3,11.7c59bccf
56812,11,work,11.7c59bccf,11.cbd73e12
56813,11,work,11.7c59bccf,11.008bedb7
56814,11,work,11.7c59bccf,11.6abef79a
56815,11,work,11.b7056f6a,11.07952f8b
56816,11,work,11.31911dc4,11.c72b87c3
56817,11,work,11.31911dc4,11.a60e0ced
56818,11,work,11.31911dc4,11.1d8edd0f
56819,11,work,11.31911dc4,11.f6c39d5e
56820,11,work,11.facdce61,11.1d7c37e1
56821,11,work,11.facdce61,11.ebc6ade6
56822,11,work,11.facdce61,11.cb25d4fc
56823,11,work,11.e7c8fed9,11.900a3ea2
56824,11,work,11.e7c8fed9,11.1d7c37e1
56825,11,work,11.e7c8fed9,11.facdce61
56826,11,work,11.e7c8fed9,11.2c942d7c
56827,11,work,11.e7c8fed9,11.a1e2243f
56828,11,work,11.e7c8fed9,11.5b56ed07
56829,11,work,11.2c942d7c,11.4d434cbc
56830,11,work,11.2c942d7c,11.e7c8fed9
56831,11,work,11.2c942d7c,11.117264de
56832,11,work,11.2c942d7c,11.bb0b3c55
56833,11,work,11.2c942d7c,11.900a3ea2
56834,11,work,11.2c942d7c,11.3d9f4efb
56835,11,work,11.2c942d7c,11.ebc6ade6
56836,11,work,11.2c942d7c,11.367d3516
56837,11,work,11.2c942d7c,11.70a5051e
56838,11,work,11.2c942d7c,11.209a7e43
56839,11,work,11.2c942d7c,11.861f9f19
56840,11,work,11.aa005fd2,11.d620e444
56841,11,work,11.aa005fd2,11.209a7e43
56842,11,work,11.aa005fd2,11.f1dd5f62
56843,11,work,11.615c8c77,11.50467c04
56844,11,work,11.615c8c77,11.6abef79a
56845,11,work,11.900a3ea2,11.e7c8fed9
56846,11,work,11.900a3ea2,11.4d434cbc
56847,11,work,11.900a3ea2,11.1d7c37e1
56848,11,work,11.900a3ea2,11.9be8454f
56849,11,work,11.900a3ea2,11.facdce61
56850,11,work,11.900a3ea2,11.2c942d7c
56851,11,work,11.900a3ea2,11.70a5051e
56852,11,work,11.5b56ed07,11.367d3516
56853,11,work,11.5b56ed07,11.9be8454f
56854,11,work,11.5b56ed07,11.ebc6ade6
56855,11,work,11.5b56ed07,11.70a5051e
56856,11,work,11.5b56ed07,11.4d434cbc
56857,11,work,11.5b56ed07,11.e7c8fed9
56858,11,work,11.5b56ed07,11.7057eff0
56859,11,work,11.5b56ed07,11.d6d20eaa
56860,11,work,11.cb25d4fc,11.9b1aafa1
56861,11,work,11.cb25d4fc,11.70a5051e
56862,11,work,11.cb25d4fc,11.facdce61
56863,11,work,11.d620e444,11.aa005fd2
56864,11,work,11.d620e444,11.bb0b3c55
56865,11,work,11.d620e444,11.facdce61
56866,11,work,11.d620e444,11.ebc6ade6
56867,11,work,11.d620e444,11.209a7e43
56868,11,work,11.1d7c37e1,11.a60e0ced
56869,11,work,11.1d7c37e1,11.facdce61
56870,11,work,11.1d7c37e1,11.3d9f4efb
56871,11,work,11.9be8454f,11.900a3ea2
56872,11,work,11.50b496ea,11.70a5051e
56873,11,work,11.50b496ea,11.ebc6ade6
56874,11,work,11.50b496ea,11.aa005fd2
56875,11,work,11.50b496ea,11.a60e0ced
56876,11,work,11.a1e2243f,11.3d9f4efb
56877,11,work,11.a1e2243f,11.c72b87c3
56878,11,work,11.6abef79a,11.7c59bccf
56879,11,work,11.6abef79a,11.e7c8fed9
56880,11,work,11.6abef79a,11.cbd73e12
56881,11,work,11.ebc6ade6,11.c72b87c3
56882,11,work,11.ebc6ade6,11.367d3516
56883,11,work,11.ebc6ade6,11.aa005fd2
56884,11,work,11.ebc6ade6,11.4d434cbc
56885,11,work,11.ebc6ade6,11.facdce61
56886,11,work,11.ebc6ade6,11.d620e444
56887,11,work,11.ebc6ade6,11.5b56ed07
56888,11,work,11.ebc6ade6,11.209a7e43
56889,11,work,11.209a7e43,11.ebc6ade6
56890,11,work,11.209a7e43,11.2c942d7c
56891,11,work,11.a60e0ced,11.aa005fd2
56892,11,work,11.a60e0ced,11.50b496ea
56893,11,work,11.a60e0ced,11.1d7c37e1
56894,11,work,11.a60e0ced,11.31911dc4
56895,11,work,11.7057eff0,11.1d8edd0f
56896,11,work,11.bb0b3c55,11.f6c39d5e
56897,11,work,11.bb0b3c55,11.861f9f19
56898,11,work,11.bb0b3c55,11.d620e444
56899,11,work,11.f6c39d5e,11.31911dc4
56900,11,work,11.f6c39d5e,11.d6d20eaa
56901,11,work,11.07952f8b,11.b7056f6a
56902,11,work,11.ccc9fc2e,11.9be8454f
56903,11,work,11.ccc9fc2e,11.1d7c37e1
56904,11,work,11.1d8edd0f,11.31911dc4
56905,11,work,11.1d8edd0f,11.7057eff0
56906,11,work,11.d6d20eaa,11.861f9f19
56907,11,work,11.d6d20eaa,11.f6c39d5e
56908,11,work,11.d6d20eaa,11.5b56ed07
56909,11,work,11.d6d20eaa,11.367d3516
56910,11,work,11.d6d20eaa,11.ebc6ade6
56911,11,work,11.d6d20eaa,11.1d7c37e1
56912,11,work,11.50467c04,11.615c8c77
56913,11,work,11.50467c04,11.9b1aafa1
56914,11,work,11.861f9f19,11.d6d20eaa
56915,11,work,11.4d434cbc,11.2c942d7c
56916,11,work,11.4d434cbc,11.a1e2243f
56917,11,work,11.4d434cbc,11.ebc6ade6
56918,11,work,11.4d434cbc,11.5b56ed07
56919,11,work,11.4d434cbc,11.209a7e43
56920,11,work,11.4d434cbc,11.bbf9d6bb
56921,11,work,11.cbd73e12,11.e7c8fed9
56922,11,work,11.cbd73e12,11.6abef79a
56923,11,work,11.cbd73e12,11.7c59bccf
56924,11,work,11.f1dd5f62,11.50b496ea
56925,11,work,11.f1dd5f62,11.bbf9d6bb
56926,11,work,11.f1dd5f62,11.70a5051e
56927,11,work,11.70a5051e,11.50b496ea
56928,11,work,11.70a5051e,11.2c942d7c
56929,11,work,11.70a5051e,11.209a7e43
56930,11,work,11.f63177b0,11.bb0b3c55
56931,11,work,11.f63177b0,11.1d7c37e1
