,database,hpso,nsga2,pls,random,spea2,order,database_name
0,mdt_project_11,1.0,0,0,0,0,1,mdt_project_11
1,mdt_project_19,0.42857142857142855,0.5714285714285714,0,0,0,2,mdt_project_19
2,mdt_project_101,0.8333333333333334,0.16666666666666666,0,0,0,3,mdt_project_101
3,bibsonomy_nature,0.2857142857142857,0.7142857142857143,0,0,0,4,bibsonomy_nature
4,bibsonomy_science,0,1.0,0,0,0,5,bibsonomy_science
5,bibsonomy_physica,0.2857142857142857,0.6428571428571429,0.07142857142857142,0,0,6,bibsonomy_physica
6,ghtorrent_python,0.6666666666666666,0.3333333333333333,0,0,0,7,ghtorrent_python
7,ghtorrent_java,0.6666666666666666,0.3333333333333333,0,0,0,8,ghtorrent_java
8,ghtorrent_ruby,0.5,0.5,0,0,0,9,ghtorrent_ruby
9,mdt_project_92,1.0,0,0,0,0,10,mdt_project_92
